,Weight3.5,Weight4
Academic,0.149608,0.258726
Manuscript,5.730214,7.464336
Private,13.666134,14.63908