,Weight3.5,Weight4
Academic,2.234691,3.943639
Government,0.951951,1.260171
Private,3.578051,7.174936