,Weight3.5,Weight4
Academic,6.594163,8.547791
Government,1.81976,0.998178
Private,2.774978,2.212868